{
    "variants": {
        "facing=west,half=lower": { "model": "mcwfurnituresbop:block/chair/fir_modern_chair", "y": 180  },
        "facing=north,half=lower": { "model": "mcwfurnituresbop:block/chair/fir_modern_chair", "y": 270 },
        "facing=east,half=lower": { "model": "mcwfurnituresbop:block/chair/fir_modern_chair"},
        "facing=south,half=lower": { "model": "mcwfurnituresbop:block/chair/fir_modern_chair", "y": 90  },
		
		"facing=west,half=upper": { "model": "mcwfurnituresbop:block/chair/fir_modern_chair_top", "y": 180  },
        "facing=north,half=upper": { "model": "mcwfurnituresbop:block/chair/fir_modern_chair_top", "y": 270 },
        "facing=east,half=upper": { "model": "mcwfurnituresbop:block/chair/fir_modern_chair_top" },
        "facing=south,half=upper": { "model": "mcwfurnituresbop:block/chair/fir_modern_chair_top", "y": 90  }
    }
}