{
  "multipart": [
    {
      "when": { "AND": [  {"facing": "north|south"} ]},
      "apply": { "model": "mcwfurnituresbop:block/drawer/redwood_drawer_base","uvlock": true}
    },
    {
      "when": { "AND": [  {"facing": "east|west"} ]},
      "apply": { "model": "mcwfurnituresbop:block/drawer/redwood_drawer_base","uvlock": true, "y": 90}
    },
	
	
	{
      "when": { "AND": [  {"facing": "north","north": "false","east": "false","west": "false","south": "false"} ]},
      "apply": { "model": "mcwfurnituresbop:block/drawer/redwood_book_shelf_single","uvlock": true, "y": 180, "x": 180}
    },
	{
      "when": { "AND": [  {"facing": "north","north": "true","east": "false","west": "false","south": "true"} ]},
      "apply": { "model": "mcwfurnituresbop:block/drawer/redwood_book_shelf_middle","uvlock": true, "y": 180, "x": 180}
    },
	{
      "when": { "AND": [  {"facing": "north","north": "true","east": "false","west": "false","south": "false"} ]},
      "apply": { "model": "mcwfurnituresbop:block/drawer/redwood_book_shelf_right","uvlock": true, "y": 180, "x": 180}
    },
	{
      "when": { "AND": [  {"facing": "north","north": "false","east": "false","west": "false","south": "true"} ]},
      "apply": { "model": "mcwfurnituresbop:block/drawer/redwood_book_shelf_left","uvlock": true, "y": 180, "x": 180}
    },
	
	{
      "when": { "AND": [  {"facing": "east","north": "false","east": "false","west": "false","south": "false"} ]},
      "apply": { "model": "mcwfurnituresbop:block/drawer/redwood_book_shelf_single","uvlock": true, "y": 270, "x": 180}
    },
	{
      "when": { "AND": [  {"facing": "east","north": "false","east": "true","west": "true","south": "false"} ]},
      "apply": { "model": "mcwfurnituresbop:block/drawer/redwood_book_shelf_middle","uvlock": true, "y": 270, "x": 180}
    },
	{
      "when": { "AND": [  {"facing": "east","north": "false","east": "true","west": "false","south": "false"} ]},
      "apply": { "model": "mcwfurnituresbop:block/drawer/redwood_book_shelf_right","uvlock": true, "y": 270, "x": 180}
    },
	{
      "when": { "AND": [  {"facing": "east","north": "false","east": "false","west": "true","south": "false"} ]},
      "apply": { "model": "mcwfurnituresbop:block/drawer/redwood_book_shelf_left","uvlock": true, "y": 270, "x": 180}
    },
	
	{
      "when": { "AND": [  {"facing": "south","north": "false","east": "false","west": "false","south": "false"} ]},
      "apply": { "model": "mcwfurnituresbop:block/drawer/redwood_book_shelf_single","uvlock": true, "x": 180}
    },
	{
      "when": { "AND": [  {"facing": "south","north": "true","east": "false","west": "false","south": "true"} ]},
      "apply": { "model": "mcwfurnituresbop:block/drawer/redwood_book_shelf_middle","uvlock": true, "x": 180}
    },
	{
      "when": { "AND": [  {"facing": "south","north": "false","east": "false","west": "false","south": "true"} ]},
      "apply": { "model": "mcwfurnituresbop:block/drawer/redwood_book_shelf_right","uvlock": true, "x": 180}
    },
	{
      "when": { "AND": [  {"facing": "south","north": "true","east": "false","west": "false","south": "false"} ]},
      "apply": { "model": "mcwfurnituresbop:block/drawer/redwood_book_shelf_left","uvlock": true, "x": 180}
    },
	
	{
      "when": { "AND": [  {"facing": "west","north": "false","east": "false","west": "false","south": "false"} ]},
      "apply": { "model": "mcwfurnituresbop:block/drawer/redwood_book_shelf_single","uvlock": true, "y": 90, "x": 180}
    },
	{
      "when": { "AND": [  {"facing": "west","north": "false","east": "true","west": "true","south": "false"} ]},
      "apply": { "model": "mcwfurnituresbop:block/drawer/redwood_book_shelf_middle","uvlock": true, "y": 90, "x": 180}
    },
	{
      "when": { "AND": [  {"facing": "west","north": "false","east": "false","west": "true","south": "false"} ]},
      "apply": { "model": "mcwfurnituresbop:block/drawer/redwood_book_shelf_right","uvlock": true, "y": 90, "x": 180}
    },
	{
      "when": { "AND": [  {"facing": "west","north": "false","east": "true","west": "false","south": "false"} ]},
      "apply": { "model": "mcwfurnituresbop:block/drawer/redwood_book_shelf_left","uvlock": true, "y": 90, "x": 180}
    }

  ]
}