{
    "variants": {
        "facing=east,shape=straight":  { "model": "mcwfurnituresbop:block/counter/willow_cupboard_counter", "y": 270, "uvlock": true },
        "facing=west,shape=straight":  { "model": "mcwfurnituresbop:block/counter/willow_cupboard_counter", "y": 90, "uvlock": true },
        "facing=south,shape=straight": { "model": "mcwfurnituresbop:block/counter/willow_cupboard_counter", "y": 0, "uvlock": true },
        "facing=north,shape=straight": { "model": "mcwfurnituresbop:block/counter/willow_cupboard_counter", "y": 180, "uvlock": true },
        
        "facing=east,shape=outer_right":  { "model": "mcwfurnituresbop:block/counter/willow_cupboard_counter_corner", "y": 0, "uvlock": true  },
        "facing=west,shape=outer_right":  { "model": "mcwfurnituresbop:block/counter/willow_cupboard_counter_corner", "y": 180, "uvlock": true },
        "facing=south,shape=outer_right": { "model": "mcwfurnituresbop:block/counter/willow_cupboard_counter_corner", "y": 90, "uvlock": true },
        "facing=north,shape=outer_right": { "model": "mcwfurnituresbop:block/counter/willow_cupboard_counter_corner", "y": 270, "uvlock": true },
        
        "facing=east,shape=outer_left":  { "model": "mcwfurnituresbop:block/counter/willow_cupboard_counter_corner", "y": 270, "uvlock": true },
        "facing=west,shape=outer_left":  { "model": "mcwfurnituresbop:block/counter/willow_cupboard_counter_corner", "y": 90, "uvlock": true },
        "facing=south,shape=outer_left": { "model": "mcwfurnituresbop:block/counter/willow_cupboard_counter_corner", "y": 0, "uvlock": true },
        "facing=north,shape=outer_left": { "model": "mcwfurnituresbop:block/counter/willow_cupboard_counter_corner", "y": 180, "uvlock": true },
        
        "facing=east,shape=inner_right":  { "model": "mcwfurnituresbop:block/counter/willow_counter_inner_corner", "y": 0, "uvlock": true },
        "facing=west,shape=inner_right":  { "model": "mcwfurnituresbop:block/counter/willow_counter_inner_corner", "y": 180, "uvlock": true },
        "facing=south,shape=inner_right": { "model": "mcwfurnituresbop:block/counter/willow_counter_inner_corner", "y": 90, "uvlock": true },
        "facing=north,shape=inner_right": { "model": "mcwfurnituresbop:block/counter/willow_counter_inner_corner", "y": 270, "uvlock": true },
        
        "facing=east,shape=inner_left":  { "model": "mcwfurnituresbop:block/counter/willow_counter_inner_corner", "y": 270, "uvlock": true },
        "facing=west,shape=inner_left":  { "model": "mcwfurnituresbop:block/counter/willow_counter_inner_corner", "y": 90, "uvlock": true },
        "facing=south,shape=inner_left": { "model": "mcwfurnituresbop:block/counter/willow_counter_inner_corner", "y": 0, "uvlock": true },
        "facing=north,shape=inner_left": { "model": "mcwfurnituresbop:block/counter/willow_counter_inner_corner", "y": 180, "uvlock": true }
    }
}