{
    "type": "minecraft:crafting_shaped",
    
    "pattern":
    [
        "AAA",
        "BAC",
		"AAA"
    ],
    
    "key":
    { 
	    "A":
        {
            "item": "byg:fir_log"
        }, 
		
        "B":
        {
            "item": "mcwfurnitures:cabinet_door"
        },
		
	    "C":
        {
            "item": "minecraft:book"
        } 
		
    },
    
    "result":
    {
        "item":  "mcwfurnituresbyg:fir_bookshelf_cupboard",
        "count": 4
    }
}