{
    "type": "minecraft:crafting_shaped",
    
    "pattern":
    [
        " A",
        "BA",
        "CC"		
    ],
    
    "key":
    { 
	    "A":
        {
            "item": "biomesoplenty:cherry_log"
        }, 
		
        "B":
        {
            "item": "biomesoplenty:cherry_slab"
        },
		
		"C":
        {
            "item": "biomesoplenty:cherry_fence"
        }
    },
    
    "result":
    {
        "item":  "mcwfurnituresbop:cherry_chair",
        "count": 1
    }
}