{
    "type": "minecraft:crafting_shaped",
    
    "pattern":
    [
        "AAA",
        "BCB"                
    ],
    
    "key":
    { 
	    "A":
        {
            "item": "biomesoplenty:redwood_log"
        }, 
		
        "B":
        {
            "item": "biomesoplenty:redwood_fence"
        },
		
		"C":
        {
            "item": "minecraft:stick"
        }
    },
    
    "result":
    {
        "item":  "mcwfurnituresbop:redwood_modern_desk",
        "count": 2
    }
}