{
    "type": "minecraft:crafting_shaped",
    
    "pattern":
    [
        "AAA",
        "ABA",
		"ACA"
    ],
    
    "key":
    { 
	    "A":
        {
            "item": "biomesoplenty:willow_log"
        }, 
		
        "B":
        {
            "item": "mcwfurnitures:cabinet_drawer"
        },
		
	    "C":
        {
            "item": "minecraft:book"
        } 
		
    },
    
    "result":
    {
        "item":  "mcwfurnituresbop:willow_bookshelf_drawer",
        "count": 4
    }
}