{
  "multipart": [
    
    {
      "when": { "AND": [  {"facing": "north|south","above": "false","below": "false"} ]},
      "apply": { "model": "mcwfurnituresbyg:block/wardrobe/blue_enchanted_wardrobe_base","uvlock": true}
    },
    {
      "when": { "AND": [  {"facing": "north|south","above": "true","below": "true"} ]},
      "apply": { "model": "mcwfurnituresbyg:block/wardrobe/blue_enchanted_wardrobe_middle","uvlock": true}
    },
	{
      "when": { "AND": [  {"facing": "north|south","above": "true","below": "false"} ]},
      "apply": { "model": "mcwfurnituresbyg:block/wardrobe/blue_enchanted_wardrobe_bottom","uvlock": true}
    },
	{
      "when": { "AND": [  {"facing": "north|south","above": "false","below": "true"} ]},
      "apply": { "model": "mcwfurnituresbyg:block/wardrobe/blue_enchanted_wardrobe_bottom","uvlock": true, "x": 180}
    },
    {
      "when": { "AND": [  {"facing": "east|west","above": "false","below": "false"} ]},
      "apply": { "model": "mcwfurnituresbyg:block/wardrobe/blue_enchanted_wardrobe_base","uvlock": true, "y": 90}
    },
    {
      "when": { "AND": [  {"facing": "east|west","above": "true","below": "true"} ]},
      "apply": { "model": "mcwfurnituresbyg:block/wardrobe/blue_enchanted_wardrobe_middle","uvlock": true, "y": 90}
    },
	{
      "when": { "AND": [  {"facing": "east|west","above": "true","below": "false"} ]},
      "apply": { "model": "mcwfurnituresbyg:block/wardrobe/blue_enchanted_wardrobe_bottom","uvlock": true, "y": 90}
    },
	{
      "when": { "AND": [  {"facing": "east|west","above": "false","below": "true"} ]},
      "apply": { "model": "mcwfurnituresbyg:block/wardrobe/blue_enchanted_wardrobe_bottom","uvlock": true, "y": 90, "x": 180}
    },
  
    {
      "when": { "AND": [  {"facing": "north","above": "false","below": "false","hinge": "left"} ]},
      "apply": { "model": "mcwfurnituresbyg:block/wardrobe/blue_enchanted_bookshelf_cupboard_base","uvlock": true, "y": 180}
    },
	{
      "when": { "AND": [  {"facing": "east","above": "false","below": "false","hinge": "left"} ]},
      "apply": { "model": "mcwfurnituresbyg:block/wardrobe/blue_enchanted_bookshelf_cupboard_base","uvlock": true, "y": 270}
    },
	{
      "when": { "AND": [  {"facing": "south","above": "false","below": "false","hinge": "left"} ]},
      "apply": { "model": "mcwfurnituresbyg:block/wardrobe/blue_enchanted_bookshelf_cupboard_base","uvlock": true}
    },
	{
      "when": { "AND": [  {"facing": "west","above": "false","below": "false","hinge": "left"} ]},
      "apply": { "model": "mcwfurnituresbyg:block/wardrobe/blue_enchanted_bookshelf_cupboard_base","uvlock": true, "y": 90}
    },
	
	{
      "when": { "AND": [  {"facing": "north","above": "false","below": "false","hinge": "right"} ]},
      "apply": { "model": "mcwfurnituresbyg:block/wardrobe/blue_enchanted_bookshelf_cupboard_base","uvlock": true, "y": 180, "x":180}
    },
	{
      "when": { "AND": [  {"facing": "east","above": "false","below": "false","hinge": "right"} ]},
      "apply": { "model": "mcwfurnituresbyg:block/wardrobe/blue_enchanted_bookshelf_cupboard_base","uvlock": true, "y": 270, "x":180}
    },
	{
      "when": { "AND": [  {"facing": "south","above": "false","below": "false","hinge": "right"} ]},
      "apply": { "model": "mcwfurnituresbyg:block/wardrobe/blue_enchanted_bookshelf_cupboard_base","uvlock": true, "x":180}
    },
	{
      "when": { "AND": [  {"facing": "west","above": "false","below": "false","hinge": "right"} ]},
      "apply": { "model": "mcwfurnituresbyg:block/wardrobe/blue_enchanted_bookshelf_cupboard_base","uvlock": true, "y": 90, "x":180}
    },
	
	{
      "when": { "AND": [  {"facing": "north","above": "true","below": "true","hinge": "left"} ]},
      "apply": { "model": "mcwfurnituresbyg:block/wardrobe/blue_enchanted_bookshelf_cupboard_middle","uvlock": true, "y": 180}
    },
	{
      "when": { "AND": [  {"facing": "east","above": "true","below": "true","hinge": "left"} ]},
      "apply": { "model": "mcwfurnituresbyg:block/wardrobe/blue_enchanted_bookshelf_cupboard_middle","uvlock": true, "y": 270}
    },
	{
      "when": { "AND": [  {"facing": "south","above": "true","below": "true","hinge": "left"} ]},
      "apply": { "model": "mcwfurnituresbyg:block/wardrobe/blue_enchanted_bookshelf_cupboard_middle","uvlock": true}
    },
	{
      "when": { "AND": [  {"facing": "west","above": "true","below": "true","hinge": "left"} ]},
      "apply": { "model": "mcwfurnituresbyg:block/wardrobe/blue_enchanted_bookshelf_cupboard_middle","uvlock": true, "y": 90}
    },
	
	{
      "when": { "AND": [  {"facing": "north","above": "false","below": "true","hinge": "left"} ]},
      "apply": { "model": "mcwfurnituresbyg:block/wardrobe/blue_enchanted_bookshelf_cupboard_top","uvlock": true, "y": 180}
    },
	{
      "when": { "AND": [  {"facing": "east","above": "false","below": "true","hinge": "left"} ]},
      "apply": { "model": "mcwfurnituresbyg:block/wardrobe/blue_enchanted_bookshelf_cupboard_top","uvlock": true, "y": 270}
    },
	{
      "when": { "AND": [  {"facing": "south","above": "false","below": "true","hinge": "left"} ]},
      "apply": { "model": "mcwfurnituresbyg:block/wardrobe/blue_enchanted_bookshelf_cupboard_top","uvlock": true}
    },
	{
      "when": { "AND": [  {"facing": "west","above": "false","below": "true","hinge": "left"} ]},
      "apply": { "model": "mcwfurnituresbyg:block/wardrobe/blue_enchanted_bookshelf_cupboard_top","uvlock": true, "y": 90}
    },
	
	{
      "when": { "AND": [  {"facing": "north","above": "true","below": "false","hinge": "left"} ]},
      "apply": { "model": "mcwfurnituresbyg:block/wardrobe/blue_enchanted_bookshelf_cupboard_bottom","uvlock": true, "y": 180}
    },
	{
      "when": { "AND": [  {"facing": "east","above": "true","below": "false","hinge": "left"} ]},
      "apply": { "model": "mcwfurnituresbyg:block/wardrobe/blue_enchanted_bookshelf_cupboard_bottom","uvlock": true, "y": 270}
    },
	{
      "when": { "AND": [  {"facing": "south","above": "true","below": "false","hinge": "left"} ]},
      "apply": { "model": "mcwfurnituresbyg:block/wardrobe/blue_enchanted_bookshelf_cupboard_bottom","uvlock": true}
    },
	{
      "when": { "AND": [  {"facing": "west","above": "true","below": "false","hinge": "left"} ]},
      "apply": { "model": "mcwfurnituresbyg:block/wardrobe/blue_enchanted_bookshelf_cupboard_bottom","uvlock": true, "y": 90}
    },
	
	
	
	
	{
      "when": { "AND": [  {"facing": "north","above": "true","below": "true","hinge": "right"} ]},
      "apply": { "model": "mcwfurnituresbyg:block/wardrobe/blue_enchanted_bookshelf_cupboard_middle","uvlock": true, "y": 180, "x": 180}
    },
	{
      "when": { "AND": [  {"facing": "east","above": "true","below": "true","hinge": "right"} ]},
      "apply": { "model": "mcwfurnituresbyg:block/wardrobe/blue_enchanted_bookshelf_cupboard_middle","uvlock": true, "y": 270, "x": 180}
    },
	{
      "when": { "AND": [  {"facing": "south","above": "true","below": "true","hinge": "right"} ]},
      "apply": { "model": "mcwfurnituresbyg:block/wardrobe/blue_enchanted_bookshelf_cupboard_middle","uvlock": true, "x": 180}
    },
	{
      "when": { "AND": [  {"facing": "west","above": "true","below": "true","hinge": "right"} ]},
      "apply": { "model": "mcwfurnituresbyg:block/wardrobe/blue_enchanted_bookshelf_cupboard_middle","uvlock": true, "y": 90, "x": 180}
    },
	
	{
      "when": { "AND": [  {"facing": "north","above": "false","below": "true","hinge": "right"} ]},
      "apply": { "model": "mcwfurnituresbyg:block/wardrobe/blue_enchanted_bookshelf_cupboard_bottom","uvlock": true, "y": 180, "x": 180}
    },
	{
      "when": { "AND": [  {"facing": "east","above": "false","below": "true","hinge": "right"} ]},
      "apply": { "model": "mcwfurnituresbyg:block/wardrobe/blue_enchanted_bookshelf_cupboard_bottom","uvlock": true, "y": 270, "x": 180}
    },
	{
      "when": { "AND": [  {"facing": "south","above": "false","below": "true","hinge": "right"} ]},
      "apply": { "model": "mcwfurnituresbyg:block/wardrobe/blue_enchanted_bookshelf_cupboard_bottom","uvlock": true, "x": 180}
    },
	{
      "when": { "AND": [  {"facing": "west","above": "false","below": "true","hinge": "right"} ]},
      "apply": { "model": "mcwfurnituresbyg:block/wardrobe/blue_enchanted_bookshelf_cupboard_bottom","uvlock": true, "y": 90, "x": 180}
    },
	
	{
      "when": { "AND": [  {"facing": "north","above": "true","below": "false","hinge": "right"} ]},
      "apply": { "model": "mcwfurnituresbyg:block/wardrobe/blue_enchanted_bookshelf_cupboard_top","uvlock": true, "y": 180, "x": 180}
    },
	{
      "when": { "AND": [  {"facing": "east","above": "true","below": "false","hinge": "right"} ]},
      "apply": { "model": "mcwfurnituresbyg:block/wardrobe/blue_enchanted_bookshelf_cupboard_top","uvlock": true, "y": 270, "x": 180}
    },
	{
      "when": { "AND": [  {"facing": "south","above": "true","below": "false","hinge": "right"} ]},
      "apply": { "model": "mcwfurnituresbyg:block/wardrobe/blue_enchanted_bookshelf_cupboard_top","uvlock": true, "x": 180}
    },
	{
      "when": { "AND": [  {"facing": "west","above": "true","below": "false","hinge": "right"} ]},
      "apply": { "model": "mcwfurnituresbyg:block/wardrobe/blue_enchanted_bookshelf_cupboard_top","uvlock": true, "y": 90, "x": 180}
    },	
	
	{
      "when": { "AND": [  {"facing": "north","above": "true","below": "false","hinge": "left"} ]},
      "apply": { "model": "mcwfurnitures:block/parent/bookshelf_cupboard_handle_left","uvlock": true, "y": 180}
    },
	{
      "when": { "AND": [  {"facing": "east","above": "true","below": "false","hinge": "left"} ]},
      "apply": { "model": "mcwfurnitures:block/parent/bookshelf_cupboard_handle_left","uvlock": true, "y": 270}
    },
	{
      "when": { "AND": [  {"facing": "south","above": "true","below": "false","hinge": "left"} ]},
      "apply": { "model": "mcwfurnitures:block/parent/bookshelf_cupboard_handle_left","uvlock": true}
    },
	{
      "when": { "AND": [  {"facing": "west","above": "true","below": "false","hinge": "left"} ]},
      "apply": { "model": "mcwfurnitures:block/parent/bookshelf_cupboard_handle_left","uvlock": true, "y": 90}
    },
	{
      "when": { "AND": [  {"facing": "north","above": "true","below": "false","hinge": "right"} ]},
      "apply": { "model": "mcwfurnitures:block/parent/bookshelf_cupboard_handle_right","uvlock": true, "y": 180}
    },
	{
      "when": { "AND": [  {"facing": "east","above": "true","below": "false","hinge": "right"} ]},
      "apply": { "model": "mcwfurnitures:block/parent/bookshelf_cupboard_handle_right","uvlock": true, "y": 270}
    },
	{
      "when": { "AND": [  {"facing": "south","above": "true","below": "false","hinge": "right"} ]},
      "apply": { "model": "mcwfurnitures:block/parent/bookshelf_cupboard_handle_right","uvlock": true}
    },
	{
      "when": { "AND": [  {"facing": "west","above": "true","below": "false","hinge": "right"} ]},
      "apply": { "model": "mcwfurnitures:block/parent/bookshelf_cupboard_handle_right","uvlock": true, "y": 90}
    }
  
  ]
}