{
  "multipart": [
  
  
    {
      "when": { "AND": [  {"north": "false","east": "false","west": "false","south": "false"} ]},
      "apply": { "model": "mcwfurnituresbyg:block/table/ebony_glass_table_single"}
    },


  
  
  	{
      "when": { "AND": [  {"north": "true","east": "false","west": "false","south": "true"} ]},
      "apply": { "model": "mcwfurnituresbyg:block/table/ebony_glass_table_middle", "y": 90}
    },
	{
      "when": { "AND": [  {"north": "false","east": "true","west": "true","south": "false"} ]},
      "apply": { "model": "mcwfurnituresbyg:block/table/ebony_glass_table_middle"}
    },
  
  	{
      "when": { "AND": [  {"north": "true","east": "true","west": "true","south": "true"} ]},
      "apply": { "model": "mcwfurnituresbyg:block/table/ebony_glass_table_center"}
    },

  
    {
      "when": { "AND": [  {"north": "true","east": "true","west": "true","south": "false"} ]},
      "apply": { "model": "mcwfurnituresbyg:block/table/ebony_glass_table_middle_three"}
    },
	{
      "when": { "AND": [  {"north": "true","east": "true","west": "false","south": "true"} ]},
      "apply": { "model": "mcwfurnituresbyg:block/table/ebony_glass_table_middle_three", "y": 90}
    },
	{
      "when": { "AND": [  {"north": "false","east": "true","west": "true","south": "true"} ]},
      "apply": { "model": "mcwfurnituresbyg:block/table/ebony_glass_table_middle_three", "y": 180}
    },
	{
      "when": { "AND": [  {"north": "true","east": "false","west": "true","south": "true"} ]},
      "apply": { "model": "mcwfurnituresbyg:block/table/ebony_glass_table_middle_three", "y": 270}
    },
  
  
  
    {
      "when": { "AND": [  {"north": "true","east": "false","west": "true","south": "false"} ]},
      "apply": { "model": "mcwfurnituresbyg:block/table/ebony_glass_table_corner", "y": 90}
    },
	{
      "when": { "AND": [  {"north": "true","east": "true","west": "false","south": "false"} ]},
      "apply": { "model": "mcwfurnituresbyg:block/table/ebony_glass_table_corner", "y": 180}
    },
	{
      "when": { "AND": [  {"north": "false","east": "true","west": "false","south": "true"} ]},
      "apply": { "model": "mcwfurnituresbyg:block/table/ebony_glass_table_corner", "y": 270}
    },
	{
      "when": { "AND": [  {"north": "false","east": "false","west": "true","south": "true"} ]},
      "apply": { "model": "mcwfurnituresbyg:block/table/ebony_glass_table_corner", "y": 0}
    },
  
  
	{
      "when": { "AND": [  {"north": "true","east": "false","west": "false","south": "false"} ]},
      "apply": { "model": "mcwfurnituresbyg:block/table/ebony_glass_table_side", "y": 90}
    },
	{
      "when": { "AND": [  {"north": "false","east": "true","west": "false","south": "false"} ]},
      "apply": { "model": "mcwfurnituresbyg:block/table/ebony_glass_table_side", "y": 180}
    },
	{
      "when": { "AND": [  {"north": "false","east": "false","west": "false","south": "true"} ]},
      "apply": { "model": "mcwfurnituresbyg:block/table/ebony_glass_table_side", "y": 270}
    },
	{
      "when": { "AND": [  {"north": "false","east": "false","west": "true","south": "false"} ]},
      "apply": { "model": "mcwfurnituresbyg:block/table/ebony_glass_table_side"}
    }
  ]
}