{
  "multipart": [
  
  
    {
      "when": { "AND": [  {"north": "false","east": "false","west": "false","south": "false"} ]},
      "apply": { "model": "mcwfurnituresbyg:block/table/lament_table_single","uvlock": true}
    },


  
  
  	{
      "when": { "AND": [  {"north": "true","east": "false","west": "false","south": "true"} ]},
      "apply": { "model": "mcwfurnituresbyg:block/table/lament_table_middle","uvlock": true, "y": 90}
    },
	{
      "when": { "AND": [  {"north": "false","east": "true","west": "true","south": "false"} ]},
      "apply": { "model": "mcwfurnituresbyg:block/table/lament_table_middle","uvlock": true}
    },
  
  	{
      "when": { "AND": [  {"north": "true","east": "true","west": "true","south": "true"} ]},
      "apply": { "model": "mcwfurnituresbyg:block/table/lament_table_center","uvlock": true}
    },

  
    {
      "when": { "AND": [  {"north": "true","east": "true","west": "true","south": "false"} ]},
      "apply": { "model": "mcwfurnituresbyg:block/table/lament_table_middle_three","uvlock": true}
    },
	{
      "when": { "AND": [  {"north": "true","east": "true","west": "false","south": "true"} ]},
      "apply": { "model": "mcwfurnituresbyg:block/table/lament_table_middle_three","uvlock": true, "y": 90}
    },
	{
      "when": { "AND": [  {"north": "false","east": "true","west": "true","south": "true"} ]},
      "apply": { "model": "mcwfurnituresbyg:block/table/lament_table_middle_three","uvlock": true, "y": 180}
    },
	{
      "when": { "AND": [  {"north": "true","east": "false","west": "true","south": "true"} ]},
      "apply": { "model": "mcwfurnituresbyg:block/table/lament_table_middle_three","uvlock": true, "y": 270}
    },
  
  
  
    {
      "when": { "AND": [  {"north": "true","east": "false","west": "true","south": "false"} ]},
      "apply": { "model": "mcwfurnituresbyg:block/table/lament_table_corner","uvlock": true, "y": 90}
    },
	{
      "when": { "AND": [  {"north": "true","east": "true","west": "false","south": "false"} ]},
      "apply": { "model": "mcwfurnituresbyg:block/table/lament_table_corner","uvlock": true, "y": 180}
    },
	{
      "when": { "AND": [  {"north": "false","east": "true","west": "false","south": "true"} ]},
      "apply": { "model": "mcwfurnituresbyg:block/table/lament_table_corner","uvlock": true, "y": 270}
    },
	{
      "when": { "AND": [  {"north": "false","east": "false","west": "true","south": "true"} ]},
      "apply": { "model": "mcwfurnituresbyg:block/table/lament_table_corner","uvlock": true, "y": 0}
    },
  
  
	{
      "when": { "AND": [  {"north": "true","east": "false","west": "false","south": "false"} ]},
      "apply": { "model": "mcwfurnituresbyg:block/table/lament_table_side","uvlock": true, "y": 90}
    },
	{
      "when": { "AND": [  {"north": "false","east": "true","west": "false","south": "false"} ]},
      "apply": { "model": "mcwfurnituresbyg:block/table/lament_table_side","uvlock": true, "y": 180}
    },
	{
      "when": { "AND": [  {"north": "false","east": "false","west": "false","south": "true"} ]},
      "apply": { "model": "mcwfurnituresbyg:block/table/lament_table_side","uvlock": true, "y": 270}
    },
	{
      "when": { "AND": [  {"north": "false","east": "false","west": "true","south": "false"} ]},
      "apply": { "model": "mcwfurnituresbyg:block/table/lament_table_side","uvlock": true}
    }
  ]
}